messages	on_nouveau_message	O
pactes	on_nouveau_pacte	O
pactes	on_reponse_pacte	O
pactes	trg_creer_suivi_reservation_insert	O
pactes	trg_creer_suivi_reservation_update	O
pactes	trg_marquer_scellement	O
pactes	trg_memoriser_swend_supprime	O
pactes	trg_normaliser_nouveau_pacte	O
pactes	trg_proteger_annulation_pacte	O
pactes	trg_proteger_date_scellement	O
pactes	trg_proteger_participants_pacte	O
pactes	trg_verifier_negociation_date	O
pactes	trg_verrou_delai_minimum_swend	D
pactes	trg_verrou_statut_pacte	O
profiles	trg_rattacher_nouveau_profil	O
profiles	trg_verifier_telephone_profil	O
remplacants	on_remplacant_change	O
remplacants	on_remplacant_selectionne	O
remplacants	trg_initialiser_disponibilite_spontanee	O
remplacants	trg_journaliser_demande_remplacement	O
remplacants	trg_journaliser_disponibilite_spontanee	O
remplacants	trg_normaliser_nouveau_remplacant	O
remplacants	trg_notifier_demande_remplacement	O
reservations_suivi	trg_reservations_suivi_updated_at	O
